{"version": "1", "message": "ERROR: Hidden Testcases server unreachable.", "problem_id": "ads2_m6_a1_1", "user_id": "saisrinivasreddypatlolla", "score": {"sample": {"0": {"execution_time": 0.453732967376709, "passed": false}, "1": {"execution_time": 0.4517793655395508, "passed": false}, "2": {"execution_time": 0.4888780117034912, "passed": false}, "3": {"execution_time": 0.4380757808685303, "passed": false}, "4": {"execution_time": 0.45073866844177246, "passed": false}, "5": {"execution_time": 0.49228429794311523, "passed": false}, "6": {"execution_time": 0.49703025817871094, "passed": false}, "7": {"execution_time": 0.43961596488952637, "passed": false}, "8": {"execution_time": 0.3875761032104492, "passed": false}, "9": {"execution_time": 0.4195559024810791, "passed": false}, "10": {"execution_time": 0.2955305576324463, "passed": false}, "11": {"execution_time": 0.3002901077270508, "passed": false}}}, "check_style_score": "0/1"}