{"version": "1", "message": "ERROR: Hidden Testcases server unreachable.", "problem_id": "ads2_m6_a1_1", "user_id": "saisrinivasreddypatlolla", "score": {"sample": {"0": {"execution_time": 0.2625548839569092, "passed": false}, "1": {"execution_time": 0.2661008834838867, "passed": false}, "2": {"execution_time": 0.29433417320251465, "passed": false}, "3": {"execution_time": 0.24783539772033691, "passed": false}, "4": {"execution_time": 0.29275059700012207, "passed": false}, "5": {"execution_time": 0.278423547744751, "passed": false}, "6": {"execution_time": 0.1994013786315918, "passed": false}, "7": {"execution_time": 0.2554776668548584, "passed": false}, "8": {"execution_time": 0.24698710441589355, "passed": false}, "9": {"execution_time": 0.2606186866760254, "passed": false}, "10": {"execution_time": 0.26050567626953125, "passed": false}, "11": {"execution_time": 0.2759678363800049, "passed": false}}}, "check_style_score": "0/1"}