{"version": "1", "message": "ERROR: Hidden Testcases server unreachable.", "problem_id": "ads2_m6_a1_1", "user_id": "saisrinivasreddypatlolla", "score": {"sample": {"0": {"execution_time": 0.3595874309539795, "passed": false}, "1": {"execution_time": 0.2999289035797119, "passed": false}, "2": {"execution_time": 0.355694055557251, "passed": false}, "3": {"execution_time": 0.31597256660461426, "passed": false}, "4": {"execution_time": 0.32248520851135254, "passed": false}, "5": {"execution_time": 0.34223341941833496, "passed": true}, "6": {"execution_time": 0.4518754482269287, "passed": true}, "7": {"execution_time": 0.2970397472381592, "passed": false}, "8": {"execution_time": 0.4763777256011963, "passed": true}, "9": {"execution_time": 0.29950881004333496, "passed": false}, "10": {"execution_time": 0.5167527198791504, "passed": true}, "11": {"execution_time": 0.3165547847747803, "passed": false}}}, "check_style_score": "0/1"}