{"version": "1", "message": "ERROR: Hidden Testcases server unreachable.", "problem_id": "ads2_m6_a1_1", "user_id": "saisrinivasreddypatlolla", "score": {"sample": {"0": {"execution_time": 0.30667805671691895, "passed": false}, "1": {"execution_time": 0.46330785751342773, "passed": false}, "2": {"execution_time": 0.644615650177002, "passed": false}, "3": {"execution_time": 0.5419912338256836, "passed": false}, "4": {"execution_time": 0.41155338287353516, "passed": false}, "5": {"execution_time": 0.5144944190979004, "passed": false}, "6": {"execution_time": 0.443361759185791, "passed": true}, "7": {"execution_time": 0.31183648109436035, "passed": false}, "8": {"execution_time": 0.2640228271484375, "passed": true}, "9": {"execution_time": 0.5219779014587402, "passed": false}, "10": {"execution_time": 0.6015477180480957, "passed": true}, "11": {"execution_time": 0.4122922420501709, "passed": false}}}, "check_style_score": "0/1"}