{"version": "1", "message": "ERROR: Hidden Testcases server unreachable.", "problem_id": "ads2_m6_a1_1", "user_id": "saisrinivasreddypatlolla", "score": {"sample": {"0": {"execution_time": 0.44263148307800293, "passed": false}, "1": {"execution_time": 0.3284299373626709, "passed": false}, "2": {"execution_time": 0.2754056453704834, "passed": false}, "3": {"execution_time": 0.33207201957702637, "passed": false}, "4": {"execution_time": 0.24369072914123535, "passed": false}, "5": {"execution_time": 0.4725382328033447, "passed": false}, "6": {"execution_time": 0.4895210266113281, "passed": true}, "7": {"execution_time": 0.4289064407348633, "passed": false}, "8": {"execution_time": 0.5493309497833252, "passed": true}, "9": {"execution_time": 0.49839329719543457, "passed": false}, "10": {"execution_time": 0.49120664596557617, "passed": true}, "11": {"execution_time": 0.5038340091705322, "passed": false}}}, "check_style_score": "0/1"}