{"version": "1", "message": "ERROR: Hidden Testcases server unreachable.", "problem_id": "ads2_m6_a1_1", "user_id": "saisrinivasreddypatlolla", "score": {"sample": {"0": {"execution_time": 0.2800180912017822, "passed": false}, "1": {"execution_time": 0.26190876960754395, "passed": false}, "2": {"execution_time": 0.23133492469787598, "passed": false}, "3": {"execution_time": 0.20788359642028809, "passed": false}, "4": {"execution_time": 0.2934226989746094, "passed": false}, "5": {"execution_time": 0.2562117576599121, "passed": false}, "6": {"execution_time": 0.2462780475616455, "passed": false}, "7": {"execution_time": 0.29131555557250977, "passed": false}, "8": {"execution_time": 0.2288203239440918, "passed": false}, "9": {"execution_time": 0.2484421730041504, "passed": false}, "10": {"execution_time": 0.20973968505859375, "passed": false}, "11": {"execution_time": 0.23113083839416504, "passed": false}}}, "check_style_score": "0/1"}