{"version": "1", "message": "ERROR: Hidden Testcases server unreachable.", "problem_id": "ads2_m6_a1_1", "user_id": "saisrinivasreddypatlolla", "score": {"sample": {"0": {"execution_time": 0.4949605464935303, "passed": false}, "1": {"execution_time": 0.27050089836120605, "passed": false}, "2": {"execution_time": 0.3073408603668213, "passed": false}, "3": {"execution_time": 0.38735461235046387, "passed": false}, "4": {"execution_time": 0.27666687965393066, "passed": false}, "5": {"execution_time": 0.3745908737182617, "passed": false}, "6": {"execution_time": 0.25969529151916504, "passed": false}, "7": {"execution_time": 0.2984898090362549, "passed": false}, "8": {"execution_time": 0.3834691047668457, "passed": false}, "9": {"execution_time": 0.28713035583496094, "passed": false}, "10": {"execution_time": 0.2648930549621582, "passed": false}, "11": {"execution_time": 0.2637016773223877, "passed": false}}}, "check_style_score": "0/1"}