{"version": "1", "message": "ERROR: Hidden Testcases server unreachable.", "problem_id": "ads2_m6_a1_1", "user_id": "saisrinivasreddypatlolla", "score": {"sample": {"0": {"execution_time": 0.4078972339630127, "passed": false}, "1": {"execution_time": 0.3923487663269043, "passed": false}, "2": {"execution_time": 0.28617262840270996, "passed": false}, "3": {"execution_time": 0.30899786949157715, "passed": false}, "4": {"execution_time": 0.30187249183654785, "passed": false}, "5": {"execution_time": 0.3432118892669678, "passed": false}, "6": {"execution_time": 0.3777482509613037, "passed": true}, "7": {"execution_time": 0.3480360507965088, "passed": false}, "8": {"execution_time": 0.42461585998535156, "passed": false}, "9": {"execution_time": 0.27364420890808105, "passed": false}, "10": {"execution_time": 0.2975423336029053, "passed": false}, "11": {"execution_time": 0.34564828872680664, "passed": false}}}, "check_style_score": "0/1"}