{"version": "1", "message": "ERROR: Hidden Testcases server unreachable.", "problem_id": "ads2_m6_a1_1", "user_id": "saisrinivasreddypatlolla", "score": {"sample": {"0": {"execution_time": 0.27797579765319824, "passed": false}, "1": {"execution_time": 0.5350656509399414, "passed": false}, "2": {"execution_time": 0.3575925827026367, "passed": false}, "3": {"execution_time": 0.39394569396972656, "passed": false}, "4": {"execution_time": 0.26513028144836426, "passed": false}, "5": {"execution_time": 0.5069022178649902, "passed": false}, "6": {"execution_time": 0.27094388008117676, "passed": true}, "7": {"execution_time": 0.4010305404663086, "passed": false}, "8": {"execution_time": 0.30515551567077637, "passed": true}, "9": {"execution_time": 0.31252503395080566, "passed": false}, "10": {"execution_time": 0.2746853828430176, "passed": true}, "11": {"execution_time": 0.4436984062194824, "passed": false}}}, "check_style_score": "0/1"}