{"version": "1", "message": "ERROR: Hidden Testcases server unreachable.", "problem_id": "ads2_m6_a1_1", "user_id": "saisrinivasreddypatlolla", "score": {"sample": {"0": {"execution_time": 0.8829236030578613, "passed": false}, "1": {"execution_time": 0.3248145580291748, "passed": false}, "2": {"execution_time": 0.3795962333679199, "passed": false}, "3": {"execution_time": 0.40998053550720215, "passed": false}, "4": {"execution_time": 0.3414418697357178, "passed": false}, "5": {"execution_time": 0.3214073181152344, "passed": false}, "6": {"execution_time": 0.45747971534729004, "passed": true}, "7": {"execution_time": 0.30554842948913574, "passed": false}, "8": {"execution_time": 0.3800773620605469, "passed": false}, "9": {"execution_time": 0.5468595027923584, "passed": false}, "10": {"execution_time": 0.3795924186706543, "passed": false}, "11": {"execution_time": 0.28175783157348633, "passed": false}}}, "check_style_score": "0/1"}