{"version": "1", "message": "ERROR: Hidden Testcases server unreachable.", "problem_id": "ads2_m6_a1_1", "user_id": "saisrinivasreddypatlolla", "score": {"sample": {"0": {"execution_time": 0.4527163505554199, "passed": false}, "1": {"execution_time": 0.30313754081726074, "passed": false}, "2": {"execution_time": 0.28510165214538574, "passed": false}, "3": {"execution_time": 0.33551883697509766, "passed": false}, "4": {"execution_time": 0.3052959442138672, "passed": false}, "5": {"execution_time": 0.5860240459442139, "passed": false}, "6": {"execution_time": 0.5918285846710205, "passed": true}, "7": {"execution_time": 0.3965158462524414, "passed": false}, "8": {"execution_time": 0.4760606288909912, "passed": true}, "9": {"execution_time": 0.29696035385131836, "passed": false}, "10": {"execution_time": 0.37604737281799316, "passed": true}, "11": {"execution_time": 0.30228543281555176, "passed": false}}}, "check_style_score": "0/1"}