{"version": "1", "message": "ERROR: Hidden Testcases server unreachable.", "problem_id": "ads2_m6_a1_1", "user_id": "saisrinivasreddypatlolla", "score": {"sample": {"0": {"execution_time": 0.32407164573669434, "passed": false}, "1": {"execution_time": 0.32332825660705566, "passed": false}, "2": {"execution_time": 0.29627537727355957, "passed": false}, "3": {"execution_time": 0.34315967559814453, "passed": false}, "4": {"execution_time": 0.35902857780456543, "passed": false}, "5": {"execution_time": 0.3884890079498291, "passed": false}, "6": {"execution_time": 0.2896080017089844, "passed": false}, "7": {"execution_time": 0.27046942710876465, "passed": false}, "8": {"execution_time": 0.29306721687316895, "passed": false}, "9": {"execution_time": 0.3664817810058594, "passed": false}, "10": {"execution_time": 0.2602810859680176, "passed": false}, "11": {"execution_time": 0.35389232635498047, "passed": false}}}, "check_style_score": "0/1"}