{"version": "1", "message": "ERROR: Hidden Testcases server unreachable.", "problem_id": "ads2_m6_a1_1", "user_id": "saisrinivasreddypatlolla", "score": {"sample": {"0": {"execution_time": 0.2470552921295166, "passed": false}, "1": {"execution_time": 0.2307431697845459, "passed": false}, "2": {"execution_time": 0.2455151081085205, "passed": false}, "3": {"execution_time": 0.2306528091430664, "passed": false}, "4": {"execution_time": 0.2462313175201416, "passed": false}, "5": {"execution_time": 0.2965824604034424, "passed": false}, "6": {"execution_time": 0.23401856422424316, "passed": false}, "7": {"execution_time": 0.3088207244873047, "passed": false}, "8": {"execution_time": 0.23150348663330078, "passed": false}, "9": {"execution_time": 0.24893617630004883, "passed": false}, "10": {"execution_time": 0.2294924259185791, "passed": false}, "11": {"execution_time": 0.22903895378112793, "passed": false}}}, "check_style_score": "0/1"}