{"version": "1", "message": "ERROR: Hidden Testcases server unreachable.", "problem_id": "ads2_m16_a1_1", "user_id": "saisrinivasreddypatlolla", "score": {"sample": {"0": {"execution_time": 0.5479264259338379, "passed": true}, "1": {"execution_time": 0.49393343925476074, "passed": true}, "2": {"execution_time": 0.8031160831451416, "passed": true}, "3": {"execution_time": 1.143648386001587, "passed": true}, "4": {"execution_time": 1.0141944885253906, "passed": true}, "5": {"execution_time": 0.8944394588470459, "passed": true}, "6": {"execution_time": 0.8951170444488525, "passed": true}, "7": {"execution_time": 0.8924636840820312, "passed": true}, "8": {"execution_time": 0.6368846893310547, "passed": true}, "9": {"execution_time": 0.9522080421447754, "passed": true}, "10": {"execution_time": 0.9903006553649902, "passed": true}, "11": {"execution_time": 6.018597364425659, "passed": true}, "12": {"execution_time": 0.9321155548095703, "passed": true}, "13": {"execution_time": 0.5416746139526367, "passed": true}, "14": {"execution_time": 1.0538346767425537, "passed": true}, "15": {"execution_time": 1.0760471820831299, "passed": true}, "16": {"execution_time": 0.6343247890472412, "passed": true}, "17": {"execution_time": 0.7611665725708008, "passed": true}, "18": {"execution_time": 0.5306248664855957, "passed": true}, "19": {"execution_time": 0.7029836177825928, "passed": true}, "20": {"execution_time": 0.5117716789245605, "passed": true}, "21": {"execution_time": 0.4001178741455078, "passed": true}, "22": {"execution_time": 0.4545924663543701, "passed": true}, "23": {"execution_time": 0.7020447254180908, "passed": true}, "24": {"execution_time": 0.465883731842041, "passed": true}, "25": {"execution_time": 1.1626355648040771, "passed": true}, "26": {"execution_time": 0.9277739524841309, "passed": true}, "27": {"execution_time": 0.9427521228790283, "passed": true}, "28": {"execution_time": 1.4351980686187744, "passed": true}, "29": {"execution_time": 0.31496191024780273, "passed": true}}}, "check_style_score": "0/1"}