{"version": "1", "message": "ERROR: Hidden Testcases server unreachable.", "problem_id": "ads2_m16_a1_1", "user_id": "saisrinivasreddypatlolla", "score": {"sample": {"0": {"execution_time": 0.7401578426361084, "passed": true}, "1": {"execution_time": 0.5698182582855225, "passed": true}, "2": {"execution_time": 1.2765097618103027, "passed": true}, "3": {"execution_time": 1.0292530059814453, "passed": true}, "4": {"execution_time": 0.9142262935638428, "passed": true}, "5": {"execution_time": 1.012669324874878, "passed": true}, "6": {"execution_time": 0.6083717346191406, "passed": true}, "7": {"execution_time": 0.8064513206481934, "passed": true}, "8": {"execution_time": 0.5372965335845947, "passed": true}, "9": {"execution_time": 0.8867175579071045, "passed": true}, "10": {"execution_time": 0.8477227687835693, "passed": true}, "11": {"execution_time": 4.5927464962005615, "passed": true}, "12": {"execution_time": 0.6835978031158447, "passed": true}, "13": {"execution_time": 0.6294019222259521, "passed": true}, "14": {"execution_time": 0.9827976226806641, "passed": true}, "15": {"execution_time": 1.0036509037017822, "passed": true}, "16": {"execution_time": 0.6190111637115479, "passed": true}, "17": {"execution_time": 0.5825707912445068, "passed": true}, "18": {"execution_time": 0.6203711032867432, "passed": true}, "19": {"execution_time": 0.6330721378326416, "passed": true}, "20": {"execution_time": 0.5976872444152832, "passed": true}, "21": {"execution_time": 0.3705127239227295, "passed": true}, "22": {"execution_time": 0.5486366748809814, "passed": true}, "23": {"execution_time": 0.44893980026245117, "passed": true}, "24": {"execution_time": 0.46403026580810547, "passed": true}, "25": {"execution_time": 0.7292959690093994, "passed": true}, "26": {"execution_time": 0.9832429885864258, "passed": true}, "27": {"execution_time": 0.830775260925293, "passed": true}, "28": {"execution_time": 1.7863130569458008, "passed": true}, "29": {"execution_time": 0.6039342880249023, "passed": false}}}, "check_style_score": "0/1"}