{"version": "1", "message": "ERROR: Hidden Testcases server unreachable.", "problem_id": "ads2_m2_a1_1", "user_id": "saisrinivasreddypatlolla", "score": {"sample": {"0": {"execution_time": 0.22960948944091797, "passed": true}, "1": {"execution_time": 0.24912047386169434, "passed": true}, "2": {"execution_time": 0.19722366333007812, "passed": true}, "3": {"execution_time": 0.19800734519958496, "passed": true}, "4": {"execution_time": 0.23614287376403809, "passed": true}, "5": {"execution_time": 0.3072671890258789, "passed": true}, "6": {"execution_time": 0.24645400047302246, "passed": true}, "7": {"execution_time": 0.33937573432922363, "passed": true}, "8": {"execution_time": 0.1894080638885498, "passed": true}, "9": {"execution_time": 0.18218469619750977, "passed": true}, "10": {"execution_time": 0.2489771842956543, "passed": true}, "11": {"execution_time": 0.2476658821105957, "passed": true}, "12": {"execution_time": 0.3951570987701416, "passed": true}, "13": {"execution_time": 0.24639630317687988, "passed": true}, "14": {"execution_time": 0.19756603240966797, "passed": true}, "15": {"execution_time": 0.2555351257324219, "passed": true}, "16": {"execution_time": 0.3385496139526367, "passed": true}, "17": {"execution_time": 0.33699464797973633, "passed": true}, "18": {"execution_time": 0.33632540702819824, "passed": true}, "19": {"execution_time": 0.31569504737854004, "passed": true}, "20": {"execution_time": 0.25391530990600586, "passed": true}, "21": {"execution_time": 0.1928262710571289, "passed": true}, "22": {"execution_time": 0.33207106590270996, "passed": true}, "23": {"execution_time": 0.27130603790283203, "passed": true}}}, "check_style_score": "0/1"}