{"version": "1", "message": "ERROR: Hidden Testcases server unreachable.", "problem_id": "ads2_m2_a1_1", "user_id": "saisrinivasreddypatlolla", "score": {"sample": {"0": {"execution_time": 1.1062088012695312, "passed": true}, "1": {"execution_time": 0.2284989356994629, "passed": true}, "2": {"execution_time": 0.39980244636535645, "passed": true}, "3": {"execution_time": 0.39908909797668457, "passed": true}, "4": {"execution_time": 0.3808274269104004, "passed": true}, "5": {"execution_time": 0.42664217948913574, "passed": true}, "6": {"execution_time": 0.33888792991638184, "passed": true}, "7": {"execution_time": 0.4763658046722412, "passed": true}, "8": {"execution_time": 0.49881982803344727, "passed": true}, "9": {"execution_time": 0.5354206562042236, "passed": true}, "10": {"execution_time": 0.4280261993408203, "passed": true}, "11": {"execution_time": 0.3525373935699463, "passed": true}, "12": {"execution_time": 0.3733646869659424, "passed": true}, "13": {"execution_time": 0.40131068229675293, "passed": true}, "14": {"execution_time": 0.5793032646179199, "passed": true}, "15": {"execution_time": 0.3527231216430664, "passed": true}, "16": {"execution_time": 0.38117122650146484, "passed": true}, "17": {"execution_time": 0.3934051990509033, "passed": true}, "18": {"execution_time": 0.5453195571899414, "passed": true}, "19": {"execution_time": 0.5463154315948486, "passed": true}, "20": {"execution_time": 0.33716750144958496, "passed": true}, "21": {"execution_time": 0.406818151473999, "passed": true}, "22": {"execution_time": 0.5725312232971191, "passed": true}, "23": {"execution_time": 0.6139607429504395, "passed": true}}}, "check_style_score": "0/1"}