{"version": "1", "message": "ERROR: Hidden Testcases server unreachable.", "problem_id": "ads2_m2_a1_1", "user_id": "saisrinivasreddypatlolla", "score": {"sample": {"0": {"execution_time": 0.5564348697662354, "passed": true}, "1": {"execution_time": 0.22802257537841797, "passed": true}, "2": {"execution_time": 0.42459821701049805, "passed": true}, "3": {"execution_time": 0.4774487018585205, "passed": true}, "4": {"execution_time": 0.47412681579589844, "passed": true}, "5": {"execution_time": 0.4463818073272705, "passed": true}, "6": {"execution_time": 0.5127358436584473, "passed": true}, "7": {"execution_time": 0.5975015163421631, "passed": true}, "8": {"execution_time": 0.49419617652893066, "passed": true}, "9": {"execution_time": 0.49587321281433105, "passed": true}, "10": {"execution_time": 0.415708065032959, "passed": true}, "11": {"execution_time": 0.22862744331359863, "passed": true}, "12": {"execution_time": 0.419264554977417, "passed": true}, "13": {"execution_time": 0.2980029582977295, "passed": true}, "14": {"execution_time": 0.5045106410980225, "passed": true}, "15": {"execution_time": 0.24500393867492676, "passed": true}, "16": {"execution_time": 0.6637485027313232, "passed": true}, "17": {"execution_time": 0.6048169136047363, "passed": true}, "18": {"execution_time": 0.37479329109191895, "passed": true}, "19": {"execution_time": 0.6284425258636475, "passed": true}, "20": {"execution_time": 0.45904088020324707, "passed": true}, "21": {"execution_time": 0.4096684455871582, "passed": true}, "22": {"execution_time": 0.7276229858398438, "passed": true}, "23": {"execution_time": 0.6255130767822266, "passed": true}}}, "check_style_score": "0/1"}