{"version": "1", "message": "ERROR: Hidden Testcases server unreachable.", "problem_id": "ads2_m2_a1_1", "user_id": "saisrinivasreddypatlolla", "score": {"sample": {"0": {"execution_time": 0.5343916416168213, "passed": true}, "1": {"execution_time": 0.5137920379638672, "passed": true}, "2": {"execution_time": 0.49749159812927246, "passed": true}, "3": {"execution_time": 0.6877255439758301, "passed": true}, "4": {"execution_time": 0.4487631320953369, "passed": true}, "5": {"execution_time": 0.6170573234558105, "passed": true}, "6": {"execution_time": 0.5322058200836182, "passed": true}, "7": {"execution_time": 0.6121945381164551, "passed": true}, "8": {"execution_time": 0.5919432640075684, "passed": true}, "9": {"execution_time": 0.6575591564178467, "passed": true}, "10": {"execution_time": 0.5362682342529297, "passed": true}, "11": {"execution_time": 0.48848509788513184, "passed": true}, "12": {"execution_time": 0.3772597312927246, "passed": true}, "13": {"execution_time": 0.6101586818695068, "passed": true}, "14": {"execution_time": 0.5039732456207275, "passed": true}, "15": {"execution_time": 0.5224599838256836, "passed": true}, "16": {"execution_time": 0.5332825183868408, "passed": true}, "17": {"execution_time": 0.6625566482543945, "passed": true}, "18": {"execution_time": 0.5952489376068115, "passed": true}, "19": {"execution_time": 0.558293342590332, "passed": true}, "20": {"execution_time": 0.6095435619354248, "passed": true}, "21": {"execution_time": 0.5193893909454346, "passed": true}, "22": {"execution_time": 0.43810391426086426, "passed": true}, "23": {"execution_time": 0.6241669654846191, "passed": true}}}, "check_style_score": "0/1"}