{"version": "1", "message": "ERROR: Hidden Testcases server unreachable.", "problem_id": "ads2_m2_a1_1", "user_id": "saisrinivasreddypatlolla", "score": {"sample": {"0": {"execution_time": 0.49062347412109375, "passed": true}, "1": {"execution_time": 0.567486047744751, "passed": true}, "2": {"execution_time": 0.554340124130249, "passed": true}, "3": {"execution_time": 0.6709215641021729, "passed": true}, "4": {"execution_time": 0.6648566722869873, "passed": true}, "5": {"execution_time": 0.6204242706298828, "passed": true}, "6": {"execution_time": 0.40754079818725586, "passed": true}, "7": {"execution_time": 0.4456214904785156, "passed": true}, "8": {"execution_time": 0.4705817699432373, "passed": true}, "9": {"execution_time": 0.615929365158081, "passed": true}, "10": {"execution_time": 0.4729430675506592, "passed": true}, "11": {"execution_time": 0.43436098098754883, "passed": true}, "12": {"execution_time": 0.48383426666259766, "passed": true}, "13": {"execution_time": 0.48491358757019043, "passed": true}, "14": {"execution_time": 0.6350400447845459, "passed": true}, "15": {"execution_time": 0.23236441612243652, "passed": true}, "16": {"execution_time": 0.3428487777709961, "passed": true}, "17": {"execution_time": 0.2491605281829834, "passed": true}, "18": {"execution_time": 0.5563089847564697, "passed": true}, "19": {"execution_time": 0.5077524185180664, "passed": true}, "20": {"execution_time": 0.2932853698730469, "passed": true}, "21": {"execution_time": 0.6676287651062012, "passed": true}, "22": {"execution_time": 0.5446996688842773, "passed": true}, "23": {"execution_time": 0.606041431427002, "passed": true}}}, "check_style_score": "0/1"}