{"version": "1", "message": "ERROR: Hidden Testcases server unreachable.", "problem_id": "ads2_m2_a1_1", "user_id": "saisrinivasreddypatlolla", "score": {"sample": {"0": {"execution_time": 0.3202247619628906, "passed": true}, "1": {"execution_time": 0.6334705352783203, "passed": true}, "2": {"execution_time": 0.558772087097168, "passed": true}, "3": {"execution_time": 0.5478634834289551, "passed": true}, "4": {"execution_time": 0.49605512619018555, "passed": true}, "5": {"execution_time": 0.4680795669555664, "passed": true}, "6": {"execution_time": 0.5426933765411377, "passed": true}, "7": {"execution_time": 0.4663059711456299, "passed": true}, "8": {"execution_time": 0.40849733352661133, "passed": true}, "9": {"execution_time": 0.5930655002593994, "passed": true}, "10": {"execution_time": 0.5771753787994385, "passed": true}, "11": {"execution_time": 0.49361133575439453, "passed": true}, "12": {"execution_time": 0.5412447452545166, "passed": true}, "13": {"execution_time": 0.5907492637634277, "passed": true}, "14": {"execution_time": 0.4484100341796875, "passed": true}, "15": {"execution_time": 0.5076141357421875, "passed": true}, "16": {"execution_time": 0.5510151386260986, "passed": true}, "17": {"execution_time": 0.6166551113128662, "passed": true}, "18": {"execution_time": 0.25789856910705566, "passed": true}, "19": {"execution_time": 0.6465597152709961, "passed": true}, "20": {"execution_time": 0.6512317657470703, "passed": true}, "21": {"execution_time": 0.43242597579956055, "passed": true}, "22": {"execution_time": 0.5089452266693115, "passed": true}, "23": {"execution_time": 0.6221637725830078, "passed": true}}}, "check_style_score": "0/1"}