{"version": "1", "message": "ERROR: Hidden Testcases server unreachable.", "problem_id": "ads2_m2_a1_1", "user_id": "saisrinivasreddypatlolla", "score": {"sample": {"0": {"execution_time": 0.22643733024597168, "passed": true}, "1": {"execution_time": 0.28978562355041504, "passed": true}, "2": {"execution_time": 0.2106950283050537, "passed": true}, "3": {"execution_time": 0.2487180233001709, "passed": true}, "4": {"execution_time": 0.2503187656402588, "passed": true}, "5": {"execution_time": 0.19702768325805664, "passed": true}, "6": {"execution_time": 0.23131990432739258, "passed": true}, "7": {"execution_time": 0.25112152099609375, "passed": true}, "8": {"execution_time": 0.23138189315795898, "passed": true}, "9": {"execution_time": 0.21712112426757812, "passed": true}, "10": {"execution_time": 0.291567325592041, "passed": true}, "11": {"execution_time": 0.21646738052368164, "passed": true}, "12": {"execution_time": 0.20705604553222656, "passed": true}, "13": {"execution_time": 0.31149959564208984, "passed": true}, "14": {"execution_time": 0.2850337028503418, "passed": true}, "15": {"execution_time": 0.1953890323638916, "passed": true}, "16": {"execution_time": 0.2287003993988037, "passed": true}, "17": {"execution_time": 0.2885565757751465, "passed": true}, "18": {"execution_time": 0.2743053436279297, "passed": true}, "19": {"execution_time": 0.2904012203216553, "passed": true}, "20": {"execution_time": 0.3083503246307373, "passed": true}, "21": {"execution_time": 0.25716114044189453, "passed": true}, "22": {"execution_time": 0.3618321418762207, "passed": true}, "23": {"execution_time": 0.3048398494720459, "passed": true}}}, "check_style_score": "0/1"}