{"version": "1", "message": "ERROR: Hidden Testcases server unreachable.", "problem_id": "ads2_m2_a1_1", "user_id": "saisrinivasreddypatlolla", "score": {"sample": {"0": {"execution_time": 0.8977198600769043, "passed": true}, "1": {"execution_time": 0.4234597682952881, "passed": true}, "2": {"execution_time": 0.382429838180542, "passed": true}, "3": {"execution_time": 0.30573606491088867, "passed": true}, "4": {"execution_time": 0.2952084541320801, "passed": true}, "5": {"execution_time": 0.3725919723510742, "passed": true}, "6": {"execution_time": 0.39021897315979004, "passed": true}, "7": {"execution_time": 0.4445948600769043, "passed": true}, "8": {"execution_time": 0.2994725704193115, "passed": true}, "9": {"execution_time": 0.4652070999145508, "passed": true}, "10": {"execution_time": 0.4070100784301758, "passed": true}, "11": {"execution_time": 0.403139591217041, "passed": true}, "12": {"execution_time": 0.35547423362731934, "passed": true}, "13": {"execution_time": 0.4322092533111572, "passed": true}, "14": {"execution_time": 0.3295595645904541, "passed": true}, "15": {"execution_time": 0.4660356044769287, "passed": true}, "16": {"execution_time": 0.4262969493865967, "passed": true}, "17": {"execution_time": 0.33392906188964844, "passed": true}, "18": {"execution_time": 0.43560290336608887, "passed": true}, "19": {"execution_time": 0.41707611083984375, "passed": true}, "20": {"execution_time": 0.47263646125793457, "passed": true}, "21": {"execution_time": 0.36375904083251953, "passed": true}, "22": {"execution_time": 0.43767237663269043, "passed": true}, "23": {"execution_time": 0.4506075382232666, "passed": true}}}, "check_style_score": "1/1"}