{"version": "1", "message": "ERROR: Hidden Testcases server unreachable.", "problem_id": "ads2_m2_a1_1", "user_id": "saisrinivasreddypatlolla", "score": {"sample": {"0": {"execution_time": 0.47599148750305176, "passed": true}, "1": {"execution_time": 0.6010174751281738, "passed": true}, "2": {"execution_time": 0.6341826915740967, "passed": true}, "3": {"execution_time": 0.48142313957214355, "passed": true}, "4": {"execution_time": 0.2341015338897705, "passed": true}, "5": {"execution_time": 0.4415860176086426, "passed": true}, "6": {"execution_time": 0.5175108909606934, "passed": true}, "7": {"execution_time": 0.47970128059387207, "passed": true}, "8": {"execution_time": 0.504239559173584, "passed": true}, "9": {"execution_time": 0.4136650562286377, "passed": true}, "10": {"execution_time": 0.2976515293121338, "passed": true}, "11": {"execution_time": 0.2720785140991211, "passed": true}, "12": {"execution_time": 0.5104553699493408, "passed": true}, "13": {"execution_time": 0.6167192459106445, "passed": true}, "14": {"execution_time": 0.27472662925720215, "passed": true}, "15": {"execution_time": 0.47828221321105957, "passed": true}, "16": {"execution_time": 0.4128389358520508, "passed": true}, "17": {"execution_time": 0.4605419635772705, "passed": true}, "18": {"execution_time": 0.48955392837524414, "passed": true}, "19": {"execution_time": 0.5450649261474609, "passed": true}, "20": {"execution_time": 0.5694949626922607, "passed": true}, "21": {"execution_time": 0.4533112049102783, "passed": true}, "22": {"execution_time": 0.44345664978027344, "passed": true}, "23": {"execution_time": 0.6733143329620361, "passed": true}}}, "check_style_score": "1/1"}