{"version": "1", "message": "ERROR: Hidden Testcases server unreachable.", "problem_id": "ads2_m4_a1_1", "user_id": "saisrinivasreddypatlolla", "score": {"sample": {"0": {"execution_time": 0.3279261589050293, "passed": true}, "1": {"execution_time": 0.24457192420959473, "passed": true}, "2": {"execution_time": 0.48945116996765137, "passed": true}, "3": {"execution_time": 0.31729769706726074, "passed": true}, "4": {"execution_time": 0.29593348503112793, "passed": true}, "5": {"execution_time": 0.21553397178649902, "passed": true}, "6": {"execution_time": 0.2911837100982666, "passed": true}, "7": {"execution_time": 0.24767208099365234, "passed": true}, "8": {"execution_time": 0.3936295509338379, "passed": true}, "9": {"execution_time": 0.23229050636291504, "passed": true}, "10": {"execution_time": 0.3902628421783447, "passed": true}, "11": {"execution_time": 0.4446842670440674, "passed": true}, "12": {"execution_time": 0.39059948921203613, "passed": true}, "13": {"execution_time": 1.0298025608062744, "passed": true}, "14": {"execution_time": 0.293231725692749, "passed": true}}}, "check_style_score": "0/1"}