{"version": "1", "message": "ERROR: Hidden Testcases server unreachable.", "problem_id": "ads2_m4_a1_1", "user_id": "saisrinivasreddypatlolla", "score": {"sample": {"0": {"execution_time": 0.25841236114501953, "passed": true}, "1": {"execution_time": 0.35578322410583496, "passed": true}, "2": {"execution_time": 0.4360060691833496, "passed": true}, "3": {"execution_time": 0.32817506790161133, "passed": true}, "4": {"execution_time": 0.31127190589904785, "passed": true}, "5": {"execution_time": 0.3578171730041504, "passed": true}, "6": {"execution_time": 0.17953872680664062, "passed": true}, "7": {"execution_time": 0.21642661094665527, "passed": true}, "8": {"execution_time": 0.24874377250671387, "passed": true}, "9": {"execution_time": 0.24957919120788574, "passed": true}, "10": {"execution_time": 0.25856661796569824, "passed": true}, "11": {"execution_time": 0.3442573547363281, "passed": true}, "12": {"execution_time": 0.2080211639404297, "passed": true}, "13": {"execution_time": 1.0185489654541016, "passed": true}, "14": {"execution_time": 0.21273303031921387, "passed": true}}}, "check_style_score": "0/1"}