{"version": "1", "message": "ERROR: Hidden Testcases server unreachable.", "problem_id": "ads2_m4_a1_1", "user_id": "saisrinivasreddypatlolla", "score": {"sample": {"0": {"execution_time": 0.3614993095397949, "passed": false}, "1": {"execution_time": 0.3826329708099365, "passed": true}, "2": {"execution_time": 0.27721714973449707, "passed": true}, "3": {"execution_time": 0.4411427974700928, "passed": true}, "4": {"execution_time": 0.22340941429138184, "passed": true}, "5": {"execution_time": 0.2238457202911377, "passed": true}, "6": {"execution_time": 0.22751069068908691, "passed": true}, "7": {"execution_time": 0.3041222095489502, "passed": true}, "8": {"execution_time": 0.20584774017333984, "passed": false}, "9": {"execution_time": 0.27079010009765625, "passed": false}, "10": {"execution_time": 0.19211363792419434, "passed": false}, "11": {"execution_time": 0.29826879501342773, "passed": true}, "12": {"execution_time": 0.19153213500976562, "passed": true}, "13": {"execution_time": 1.06178617477417, "passed": true}, "14": {"execution_time": 0.41225671768188477, "passed": false}}}, "check_style_score": "0/1"}