{"version": "1", "message": "ERROR: Hidden Testcases server unreachable.", "problem_id": "ads2_m4_a1_1", "user_id": "saisrinivasreddypatlolla", "score": {"sample": {"0": {"execution_time": 0.46576857566833496, "passed": true}, "1": {"execution_time": 0.25309252738952637, "passed": true}, "2": {"execution_time": 0.31680893898010254, "passed": true}, "3": {"execution_time": 0.3720426559448242, "passed": true}, "4": {"execution_time": 0.4402894973754883, "passed": true}, "5": {"execution_time": 0.27391695976257324, "passed": true}, "6": {"execution_time": 0.27456188201904297, "passed": true}, "7": {"execution_time": 0.41820240020751953, "passed": true}, "8": {"execution_time": 0.27068662643432617, "passed": true}, "9": {"execution_time": 0.2971820831298828, "passed": true}, "10": {"execution_time": 0.24271607398986816, "passed": true}, "11": {"execution_time": 0.2579333782196045, "passed": true}, "12": {"execution_time": 0.24254894256591797, "passed": true}, "13": {"execution_time": 1.366481065750122, "passed": true}, "14": {"execution_time": 0.21432781219482422, "passed": true}}}, "check_style_score": "0/1"}