{"version": "1", "message": "ERROR: Hidden Testcases server unreachable.", "problem_id": "ads2_m4_a1_1", "user_id": "saisrinivasreddypatlolla", "score": {"sample": {"0": {"execution_time": 0.2301187515258789, "passed": true}, "1": {"execution_time": 0.21793127059936523, "passed": true}, "2": {"execution_time": 0.2606391906738281, "passed": true}, "3": {"execution_time": 0.26763153076171875, "passed": true}, "4": {"execution_time": 0.21713519096374512, "passed": true}, "5": {"execution_time": 0.22945356369018555, "passed": true}, "6": {"execution_time": 0.1633741855621338, "passed": true}, "7": {"execution_time": 0.21368956565856934, "passed": true}, "8": {"execution_time": 0.21039319038391113, "passed": true}, "9": {"execution_time": 0.16531991958618164, "passed": true}, "10": {"execution_time": 0.1996018886566162, "passed": true}, "11": {"execution_time": 0.16222405433654785, "passed": true}, "12": {"execution_time": 0.18227505683898926, "passed": true}, "13": {"execution_time": 0.9404709339141846, "passed": true}, "14": {"execution_time": 0.17635631561279297, "passed": true}}}, "check_style_score": "1/1"}