{"version": "1", "message": "ERROR: Hidden Testcases server unreachable.", "problem_id": "ads2_m4_a1_1", "user_id": "saisrinivasreddypatlolla", "score": {"sample": {"0": {"execution_time": 0.4181180000305176, "passed": true}, "1": {"execution_time": 0.4004390239715576, "passed": true}, "2": {"execution_time": 0.26728391647338867, "passed": true}, "3": {"execution_time": 0.42595696449279785, "passed": true}, "4": {"execution_time": 0.35833120346069336, "passed": true}, "5": {"execution_time": 0.4094867706298828, "passed": true}, "6": {"execution_time": 0.3298475742340088, "passed": true}, "7": {"execution_time": 0.2755908966064453, "passed": true}, "8": {"execution_time": 0.25922489166259766, "passed": true}, "9": {"execution_time": 0.2899487018585205, "passed": true}, "10": {"execution_time": 0.35349249839782715, "passed": true}, "11": {"execution_time": 0.19234871864318848, "passed": true}, "12": {"execution_time": 0.17117094993591309, "passed": true}, "13": {"execution_time": 1.033491611480713, "passed": true}, "14": {"execution_time": 0.19750618934631348, "passed": true}}}, "check_style_score": "0/1"}