{"version": "1", "message": "ERROR: Hidden Testcases server unreachable.", "problem_id": "ads2_m4_a1_1", "user_id": "saisrinivasreddypatlolla", "score": {"sample": {"0": {"execution_time": 0.38616466522216797, "passed": true}, "1": {"execution_time": 0.2710695266723633, "passed": true}, "2": {"execution_time": 0.4001157283782959, "passed": true}, "3": {"execution_time": 0.3377249240875244, "passed": true}, "4": {"execution_time": 0.4334542751312256, "passed": true}, "5": {"execution_time": 0.24949073791503906, "passed": true}, "6": {"execution_time": 0.2700626850128174, "passed": true}, "7": {"execution_time": 0.3072319030761719, "passed": true}, "8": {"execution_time": 0.38958168029785156, "passed": true}, "9": {"execution_time": 0.30835938453674316, "passed": false}, "10": {"execution_time": 0.2609522342681885, "passed": false}, "11": {"execution_time": 0.2798120975494385, "passed": true}, "12": {"execution_time": 0.28392696380615234, "passed": true}, "13": {"execution_time": 0.9757742881774902, "passed": true}, "14": {"execution_time": 0.2146472930908203, "passed": true}}}, "check_style_score": "0/1"}