{"version": "1", "message": "ERROR: Hidden Testcases server unreachable.", "problem_id": "ads2_m4_a1_1", "user_id": "saisrinivasreddypatlolla", "score": {"sample": {"0": {"execution_time": 0.31508469581604004, "passed": true}, "1": {"execution_time": 0.3144669532775879, "passed": true}, "2": {"execution_time": 0.39095425605773926, "passed": true}, "3": {"execution_time": 0.33454442024230957, "passed": true}, "4": {"execution_time": 0.22960662841796875, "passed": true}, "5": {"execution_time": 0.3851940631866455, "passed": true}, "6": {"execution_time": 0.2883951663970947, "passed": true}, "7": {"execution_time": 0.283050537109375, "passed": true}, "8": {"execution_time": 0.4581618309020996, "passed": true}, "9": {"execution_time": 0.2616872787475586, "passed": true}, "10": {"execution_time": 0.25745296478271484, "passed": true}, "11": {"execution_time": 0.260326623916626, "passed": true}, "12": {"execution_time": 0.33283424377441406, "passed": true}, "13": {"execution_time": 1.2944631576538086, "passed": true}, "14": {"execution_time": 0.20122766494750977, "passed": true}}}, "check_style_score": "1/1"}