{"version": "1", "message": "ERROR: Hidden Testcases server unreachable.", "problem_id": "ads2_m4_a1_1", "user_id": "saisrinivasreddypatlolla", "score": {"sample": {"0": {"execution_time": 0.35748791694641113, "passed": true}, "1": {"execution_time": 0.24708771705627441, "passed": true}, "2": {"execution_time": 0.36576032638549805, "passed": true}, "3": {"execution_time": 0.3763618469238281, "passed": true}, "4": {"execution_time": 0.30532050132751465, "passed": true}, "5": {"execution_time": 0.2605109214782715, "passed": true}, "6": {"execution_time": 0.3693733215332031, "passed": true}, "7": {"execution_time": 0.25771546363830566, "passed": true}, "8": {"execution_time": 0.23814010620117188, "passed": true}, "9": {"execution_time": 0.33319520950317383, "passed": true}, "10": {"execution_time": 0.23685455322265625, "passed": true}, "11": {"execution_time": 0.32775068283081055, "passed": true}, "12": {"execution_time": 0.2744014263153076, "passed": true}, "13": {"execution_time": 0.9858200550079346, "passed": true}, "14": {"execution_time": 0.21403884887695312, "passed": true}}}, "check_style_score": "0/1"}