{"version": "1", "message": "ERROR: Hidden Testcases server unreachable.", "problem_id": "ads2_m4_a1_1", "user_id": "saisrinivasreddypatlolla", "score": {"sample": {"0": {"execution_time": 0.18919110298156738, "passed": true}, "1": {"execution_time": 0.1971113681793213, "passed": true}, "2": {"execution_time": 0.28542399406433105, "passed": true}, "3": {"execution_time": 0.2637290954589844, "passed": true}, "4": {"execution_time": 0.17626357078552246, "passed": true}, "5": {"execution_time": 0.21990466117858887, "passed": true}, "6": {"execution_time": 0.21647405624389648, "passed": true}, "7": {"execution_time": 0.16788887977600098, "passed": true}, "8": {"execution_time": 0.18712377548217773, "passed": true}, "9": {"execution_time": 0.19789600372314453, "passed": true}, "10": {"execution_time": 0.17708253860473633, "passed": true}, "11": {"execution_time": 0.19872164726257324, "passed": true}, "12": {"execution_time": 0.18650388717651367, "passed": true}, "13": {"execution_time": 1.175706386566162, "passed": true}, "14": {"execution_time": 0.2286968231201172, "passed": true}}}, "check_style_score": "0/1"}