{"version": "1", "message": "ERROR: Hidden Testcases server unreachable.", "problem_id": "ads2_m4_a1_1", "user_id": "saisrinivasreddypatlolla", "score": {"sample": {"0": {"execution_time": 0.24031352996826172, "passed": true}, "1": {"execution_time": 0.23708271980285645, "passed": true}, "2": {"execution_time": 0.3122382164001465, "passed": true}, "3": {"execution_time": 0.299436092376709, "passed": true}, "4": {"execution_time": 0.445523738861084, "passed": true}, "5": {"execution_time": 0.2166152000427246, "passed": true}, "6": {"execution_time": 0.24097108840942383, "passed": true}, "7": {"execution_time": 0.23497366905212402, "passed": true}, "8": {"execution_time": 0.2613816261291504, "passed": true}, "9": {"execution_time": 0.3946354389190674, "passed": true}, "10": {"execution_time": 0.2489922046661377, "passed": true}, "11": {"execution_time": 0.2049400806427002, "passed": true}, "12": {"execution_time": 0.24871826171875, "passed": true}, "13": {"execution_time": 1.1741721630096436, "passed": true}, "14": {"execution_time": 0.2626187801361084, "passed": true}}}, "check_style_score": "0/1"}