{"version": "1", "message": "ERROR: Hidden Testcases server unreachable.", "problem_id": "ads2_m4_a1_1", "user_id": "saisrinivasreddypatlolla", "score": {"sample": {"0": {"execution_time": 0.2440934181213379, "passed": true}, "1": {"execution_time": 0.21355652809143066, "passed": true}, "2": {"execution_time": 0.27968716621398926, "passed": true}, "3": {"execution_time": 0.2629730701446533, "passed": true}, "4": {"execution_time": 0.21231317520141602, "passed": true}, "5": {"execution_time": 0.21270322799682617, "passed": true}, "6": {"execution_time": 0.20020365715026855, "passed": true}, "7": {"execution_time": 0.24293875694274902, "passed": true}, "8": {"execution_time": 0.24427437782287598, "passed": true}, "9": {"execution_time": 0.20032501220703125, "passed": true}, "10": {"execution_time": 0.18948793411254883, "passed": true}, "11": {"execution_time": 0.23202109336853027, "passed": true}, "12": {"execution_time": 0.19813823699951172, "passed": true}, "13": {"execution_time": 1.0281314849853516, "passed": true}, "14": {"execution_time": 0.19604134559631348, "passed": true}}}, "check_style_score": "0/1"}