{"version": "1", "message": "ERROR: Hidden Testcases server unreachable.", "problem_id": "ads2_m4_a1_1", "user_id": "saisrinivasreddypatlolla", "score": {"sample": {"0": {"execution_time": 0.26581525802612305, "passed": true}, "1": {"execution_time": 0.5802054405212402, "passed": true}, "2": {"execution_time": 0.3311798572540283, "passed": true}, "3": {"execution_time": 0.3158528804779053, "passed": true}, "4": {"execution_time": 0.24326586723327637, "passed": true}, "5": {"execution_time": 0.3918576240539551, "passed": true}, "6": {"execution_time": 0.2655761241912842, "passed": true}, "7": {"execution_time": 0.2900726795196533, "passed": true}, "8": {"execution_time": 0.33527636528015137, "passed": true}, "9": {"execution_time": 0.4734516143798828, "passed": true}, "10": {"execution_time": 0.38463854789733887, "passed": true}, "11": {"execution_time": 0.3468959331512451, "passed": true}, "12": {"execution_time": 0.3531680107116699, "passed": true}, "13": {"execution_time": 1.5243794918060303, "passed": true}, "14": {"execution_time": 0.20801997184753418, "passed": true}}}, "check_style_score": "0/1"}