{"version": "1", "message": "ERROR: Hidden Testcases server unreachable.", "problem_id": "ads2_m4_a1_1", "user_id": "saisrinivasreddypatlolla", "score": {"sample": {"0": {"execution_time": 0.23726177215576172, "passed": true}, "1": {"execution_time": 0.2191159725189209, "passed": true}, "2": {"execution_time": 0.26700568199157715, "passed": true}, "3": {"execution_time": 0.3446626663208008, "passed": true}, "4": {"execution_time": 0.18953847885131836, "passed": true}, "5": {"execution_time": 0.2439267635345459, "passed": true}, "6": {"execution_time": 0.2010059356689453, "passed": true}, "7": {"execution_time": 0.22329115867614746, "passed": true}, "8": {"execution_time": 0.24537205696105957, "passed": true}, "9": {"execution_time": 0.1654961109161377, "passed": true}, "10": {"execution_time": 0.1656947135925293, "passed": true}, "11": {"execution_time": 0.19846630096435547, "passed": true}, "12": {"execution_time": 0.218367338180542, "passed": true}, "13": {"execution_time": 1.0186412334442139, "passed": true}, "14": {"execution_time": 0.19959259033203125, "passed": true}}}, "check_style_score": "1/1"}