{"version": "1", "message": "ERROR: Hidden Testcases server unreachable.", "problem_id": "ads2_m4_a1_1", "user_id": "saisrinivasreddypatlolla", "score": {"sample": {"0": {"execution_time": 0.32072877883911133, "passed": true}, "1": {"execution_time": 0.22861480712890625, "passed": true}, "2": {"execution_time": 0.445436954498291, "passed": true}, "3": {"execution_time": 0.2997782230377197, "passed": true}, "4": {"execution_time": 0.22024083137512207, "passed": true}, "5": {"execution_time": 0.21869969367980957, "passed": true}, "6": {"execution_time": 0.270951509475708, "passed": true}, "7": {"execution_time": 0.44998645782470703, "passed": true}, "8": {"execution_time": 0.24814295768737793, "passed": true}, "9": {"execution_time": 0.2681922912597656, "passed": true}, "10": {"execution_time": 0.3161325454711914, "passed": true}, "11": {"execution_time": 0.2255544662475586, "passed": true}, "12": {"execution_time": 0.20409631729125977, "passed": true}, "13": {"execution_time": 1.0200669765472412, "passed": true}, "14": {"execution_time": 0.3001894950866699, "passed": true}}}, "check_style_score": "0/1"}