{"version": "1", "message": "ERROR: Hidden Testcases server unreachable.", "problem_id": "ads2_m4_a1_1", "user_id": "saisrinivasreddypatlolla", "score": {"sample": {"0": {"execution_time": 0.32089781761169434, "passed": true}, "1": {"execution_time": 0.2445671558380127, "passed": true}, "2": {"execution_time": 0.4276738166809082, "passed": true}, "3": {"execution_time": 0.35506558418273926, "passed": true}, "4": {"execution_time": 0.258328914642334, "passed": true}, "5": {"execution_time": 0.4217507839202881, "passed": true}, "6": {"execution_time": 0.35033178329467773, "passed": true}, "7": {"execution_time": 0.2793715000152588, "passed": true}, "8": {"execution_time": 0.41814398765563965, "passed": true}, "9": {"execution_time": 0.42629146575927734, "passed": true}, "10": {"execution_time": 0.42761945724487305, "passed": true}, "11": {"execution_time": 0.25744175910949707, "passed": true}, "12": {"execution_time": 0.21393728256225586, "passed": true}, "13": {"execution_time": 1.4635655879974365, "passed": true}, "14": {"execution_time": 0.21265816688537598, "passed": true}}}, "check_style_score": "0/1"}