{"version": "1", "message": "ERROR: Hidden Testcases server unreachable.", "problem_id": "ads2_m4_a1_1", "user_id": "saisrinivasreddypatlolla", "score": {"sample": {"0": {"execution_time": 0.4130585193634033, "passed": true}, "1": {"execution_time": 0.33390212059020996, "passed": true}, "2": {"execution_time": 0.2780628204345703, "passed": true}, "3": {"execution_time": 0.29537343978881836, "passed": true}, "4": {"execution_time": 0.2747828960418701, "passed": true}, "5": {"execution_time": 0.36493539810180664, "passed": true}, "6": {"execution_time": 0.2960081100463867, "passed": true}, "7": {"execution_time": 0.2286689281463623, "passed": true}, "8": {"execution_time": 0.3236563205718994, "passed": true}, "9": {"execution_time": 0.2579519748687744, "passed": false}, "10": {"execution_time": 0.2563471794128418, "passed": false}, "11": {"execution_time": 0.21094560623168945, "passed": true}, "12": {"execution_time": 0.2969808578491211, "passed": true}, "13": {"execution_time": 0.9673721790313721, "passed": true}, "14": {"execution_time": 0.38534998893737793, "passed": true}}}, "check_style_score": "0/1"}