{"version": "1", "message": "ERROR: Hidden Testcases server unreachable.", "problem_id": "ads2_m4_a1_1", "user_id": "saisrinivasreddypatlolla", "score": {"sample": {"0": {"execution_time": 0.23897075653076172, "passed": true}, "1": {"execution_time": 0.24458026885986328, "passed": true}, "2": {"execution_time": 0.23521637916564941, "passed": true}, "3": {"execution_time": 0.297832727432251, "passed": true}, "4": {"execution_time": 0.2048661708831787, "passed": true}, "5": {"execution_time": 0.21407270431518555, "passed": true}, "6": {"execution_time": 0.19610142707824707, "passed": true}, "7": {"execution_time": 0.2230238914489746, "passed": true}, "8": {"execution_time": 0.23334980010986328, "passed": true}, "9": {"execution_time": 0.22534966468811035, "passed": true}, "10": {"execution_time": 0.20075416564941406, "passed": true}, "11": {"execution_time": 0.20013809204101562, "passed": true}, "12": {"execution_time": 0.19966745376586914, "passed": true}, "13": {"execution_time": 1.0076141357421875, "passed": true}, "14": {"execution_time": 0.16679954528808594, "passed": true}}}, "check_style_score": "1/1"}