{"version": "1", "message": "ERROR: Hidden Testcases server unreachable.", "problem_id": "ads2_m4_a1_1", "user_id": "saisrinivasreddypatlolla", "score": {"sample": {"0": {"execution_time": 0.5495007038116455, "passed": true}, "1": {"execution_time": 0.5201606750488281, "passed": true}, "2": {"execution_time": 0.4092676639556885, "passed": true}, "3": {"execution_time": 0.41503262519836426, "passed": true}, "4": {"execution_time": 0.4306037425994873, "passed": true}, "5": {"execution_time": 0.32231736183166504, "passed": true}, "6": {"execution_time": 0.34930992126464844, "passed": true}, "7": {"execution_time": 0.39676833152770996, "passed": true}, "8": {"execution_time": 0.4848780632019043, "passed": true}, "9": {"execution_time": 0.31835055351257324, "passed": true}, "10": {"execution_time": 0.3456552028656006, "passed": true}, "11": {"execution_time": 0.3859374523162842, "passed": true}, "12": {"execution_time": 0.40894317626953125, "passed": true}, "13": {"execution_time": 1.8855400085449219, "passed": true}, "14": {"execution_time": 0.28092336654663086, "passed": true}}}, "check_style_score": "0/1"}