{"version": "1", "message": "ERROR: Hidden Testcases server unreachable.", "problem_id": "ads2_m4_a1_1", "user_id": "saisrinivasreddypatlolla", "score": {"sample": {"0": {"execution_time": 0.2081279754638672, "passed": true}, "1": {"execution_time": 0.18201160430908203, "passed": true}, "2": {"execution_time": 0.22649216651916504, "passed": true}, "3": {"execution_time": 0.228041410446167, "passed": true}, "4": {"execution_time": 0.178725004196167, "passed": true}, "5": {"execution_time": 0.22765445709228516, "passed": true}, "6": {"execution_time": 0.16844773292541504, "passed": true}, "7": {"execution_time": 0.20162153244018555, "passed": true}, "8": {"execution_time": 0.23354673385620117, "passed": true}, "9": {"execution_time": 0.16598773002624512, "passed": true}, "10": {"execution_time": 0.22050070762634277, "passed": true}, "11": {"execution_time": 0.22185850143432617, "passed": true}, "12": {"execution_time": 0.2153170108795166, "passed": true}, "13": {"execution_time": 1.1599195003509521, "passed": true}, "14": {"execution_time": 0.2340404987335205, "passed": true}}}, "check_style_score": "0/1"}